{"0": {"lotZ": 20.0, "lotY": 15.0, "lotX": 30.0, "nodzPosY": 1474.5, "nodzPosX": 2107.0, "type": 3, "children": [1]}, "1": {"segmentDirection": 1, "segmentCount": 2, "nodzPosY": 1406.0, "nodzPosX": 2371.0, "type": 4, "children": [2, 3]}, "2": {"proportion": 10.0, "type": 6, "children": [4], "idx": 0}, "3": {"proportion": 5.0, "type": 6, "children": [5], "idx": 1}, "4": {"segmentDirection": 2, "segmentCount": 3, "nodzPosY": 1246.880907372401, "nodzPosX": 2610.2079395085075, "type": 4, "children": [6, 7, 8]}, "5": {"segmentDirection": 0, "segmentCount": 3, "nodzPosY": 1590.4499999999998, "nodzPosX": 2611.6499999999996, "type": 4, "children": [9, 10, 11]}, "6": {"proportion": 2.0, "type": 6, "children": [12], "idx": 0}, "7": {"proportion": 10.0, "type": 6, "children": [13], "idx": 1}, "8": {"proportion": 2.0, "type": 6, "children": [14], "idx": 2}, "9": {"proportion": 1, "type": 6, "children": [15], "idx": 0}, "10": {"proportion": 10.0, "type": 6, "children": [16], "idx": 1}, "11": {"proportion": 1, "type": 6, "children": [17], "idx": 2}, "12": {"count": 10, "direction": 0, "nodzPosY": 1109.5774999999996, "nodzPosX": 2898.9199999999996, "percentage": 20, "type": 7, "children": [18]}, "13": {"nodzPosY": 1251.5794896030247, "children": [], "type": 5, "nodzPosX": 2859.637712665407, "meshFile": null}, "14": {"count": 10, "direction": 0, "nodzPosY": 1374.65825, "nodzPosX": 2884.941749999999, "percentage": 20.0, "type": 7, "children": [19]}, "15": {"scaleX": 1.0, "scaleY": 1.2, "scaleZ": 1.2, "nodzPosY": 1575.6521739130435, "nodzPosX": 2893.04347826087, "type": 2, "children": [20]}, "16": {"nodzPosY": 1658.2608695652173, "children": [], "type": 5, "nodzPosX": 2892.304347826087, "meshFile": "triangle_roof"}, "17": {"scaleX": 1.0, "scaleY": 1.2, "scaleZ": 1.2, "nodzPosY": 1760.2474999999995, "nodzPosX": 2894.9524999999994, "type": 2, "children": [21]}, "18": {"segmentDirection": 1, "segmentCount": 3, "nodzPosY": 994.782608695652, "nodzPosX": 3161.7391304347816, "type": 4, "children": [22, 23, 24]}, "19": {"segmentDirection": 1, "segmentCount": 3, "nodzPosY": 1302.9499999999998, "nodzPosX": 3170.5499999999993, "type": 4, "children": [25, 26, 27]}, "20": {"translateX": 0.0, "translateY": 0.0, "translateZ": -2.0, "nodzPosY": 1580.0, "nodzPosX": 3139.130434782608, "type": 0, "children": [28]}, "21": {"translateX": 0.0, "translateY": 0.0, "translateZ": -2.0, "nodzPosY": 1760.0, "nodzPosX": 3144.0, "type": 0, "children": [29]}, "22": {"proportion": 2.0, "type": 6, "children": [30], "idx": 0}, "23": {"proportion": 10.0, "type": 6, "children": [31], "idx": 1}, "24": {"proportion": 1, "type": 6, "children": [32], "idx": 2}, "25": {"proportion": 2.0, "type": 6, "children": [33], "idx": 0}, "26": {"proportion": 10.0, "type": 6, "children": [34], "idx": 1}, "27": {"proportion": 1, "type": 6, "children": [35], "idx": 2}, "28": {"nodzPosY": 1580.0, "children": [], "type": 5, "nodzPosX": 3389.0, "meshFile": "triangle_roof"}, "29": {"nodzPosY": 1761.3225, "children": [], "type": 5, "nodzPosX": 3393.9525000000003, "meshFile": "triangle_roof"}, "30": {"nodzPosY": 933.913043478261, "children": [], "type": 5, "nodzPosX": 3426.956521739131, "meshFile": null}, "31": {"scaleX": 0.5, "scaleY": 1.0, "scaleZ": 0.5, "nodzPosY": 1021.7391304347827, "nodzPosX": 3425.2173913043484, "type": 2, "children": [36]}, "32": {"nodzPosY": 1146.0869565217395, "children": [], "type": 5, "nodzPosX": 3437.3913043478265, "meshFile": null}, "33": {"nodzPosY": 1241.5499999999997, "children": [], "type": 5, "nodzPosX": 3438.4, "meshFile": null}, "34": {"scaleX": 0.5, "scaleY": 1.0, "scaleZ": 0.5, "nodzPosY": 1347.7999999999997, "nodzPosX": 3446.5499999999984, "type": 2, "children": [37]}, "35": {"nodzPosY": 1463.4999999999995, "children": [], "type": 5, "nodzPosX": 3437.25, "meshFile": null}, "36": {"translateX": 0.5, "translateY": 0.0, "translateZ": 0.5, "nodzPosY": 1012.1739130434787, "nodzPosX": 3672.173913043478, "type": 0, "children": [38]}, "37": {"translateX": 0.5, "translateY": 0.0, "translateZ": 0.5, "nodzPosY": 1343.1999999999998, "nodzPosX": 3700.699999999999, "type": 0, "children": [39]}, "38": {"nodzPosY": 1007.826086956522, "children": [], "type": 5, "nodzPosX": 3937.391304347827, "meshFile": "pillar"}, "39": {"nodzPosY": 1330.5499999999995, "children": [], "type": 5, "nodzPosX": 3965.1999999999985, "meshFile": "pillar"}}