{"0": {"lotZ": 10.0, "lotY": 25.0, "lotX": 10.0, "nodzPosY": 1479.5, "nodzPosX": 2168.0, "type": 3, "children": [1]}, "1": {"segmentDirection": 1, "segmentCount": 3, "nodzPosY": 1475.3550000000002, "nodzPosX": 2409.9975, "type": 4, "children": [2, 3, 4]}, "2": {"proportion": 4.0, "type": 6, "children": [5, 6], "idx": 0}, "3": {"proportion": 20.0, "type": 6, "children": [7], "idx": 1}, "4": {"proportion": 3.0, "type": 6, "children": [8], "idx": 2}, "5": {"nodzPosY": 1350.525, "children": [], "type": 5, "nodzPosX": 2675.7300000000005, "meshFile": null}, "6": {"translateX": 0, "translateY": 0, "translateZ": 0, "nodzPosY": 1134.4325, "nodzPosX": 2569.2475000000004, "type": 0, "children": [9]}, "7": {"count": 10, "direction": 1, "nodzPosY": 1493.5475000000001, "nodzPosX": 2689.1124999999993, "percentage": 20, "type": 7, "children": [10, 11, 12]}, "8": {"nodzPosY": 1619.7899999999997, "children": [], "type": 5, "nodzPosX": 2694.8849999999993, "meshFile": null}, "9": {"segmentDirection": 0, "segmentCount": 3, "nodzPosY": 1048.0374999999997, "nodzPosX": 2849.4175000000005, "type": 4, "children": [13, 14, 15]}, "10": {"nodzPosY": 1380.5874999999999, "children": [], "type": 5, "nodzPosX": 3046.1225, "meshFile": null}, "11": {"translateX": 0.25, "translateY": 0.5, "translateZ": 9.5, "nodzPosY": 1544.6799999999996, "nodzPosX": 3051.0074999999997, "type": 0, "children": [16]}, "12": {"translateX": 0.0, "translateY": -2.0, "translateZ": 7.0, "nodzPosY": 1676.9299999999998, "nodzPosX": 3069.5224999999996, "type": 0, "children": [17]}, "13": {"proportion": 5.0, "type": 6, "children": [18], "idx": 0}, "14": {"proportion": 2.0, "type": 6, "children": [19], "idx": 1}, "15": {"proportion": 5.0, "type": 6, "children": [20], "idx": 2}, "16": {"count": 12, "direction": 0, "nodzPosY": 1544.0, "nodzPosX": 3301.0, "percentage": 20.0, "type": 7, "children": [21]}, "17": {"scaleX": 0.5, "scaleY": 2.4, "scaleZ": 0.5, "nodzPosY": 1676.0, "nodzPosX": 3319.0, "type": 2, "children": [22]}, "18": {"count": 5, "direction": 0, "nodzPosY": 914.0458749999995, "nodzPosX": 3139.0859999999984, "percentage": 20.0, "type": 7, "children": [23]}, "19": {"translateX": -1.0, "translateY": -1.7, "translateZ": 9.5, "nodzPosY": 1031.1532499999998, "nodzPosX": 3143.6486249999994, "type": 0, "children": [24]}, "20": {"count": 5, "direction": 0, "nodzPosY": 1137.312125, "nodzPosX": 3146.0953750000003, "percentage": 20.0, "type": 7, "children": [25]}, "21": {"scaleX": 0.5, "scaleY": 0.5, "scaleZ": 0.1, "nodzPosY": 1545.3225, "nodzPosX": 3549.6299999999997, "type": 2, "children": [26]}, "22": {"nodzPosY": 1678.645, "children": [], "type": 5, "nodzPosX": 3568.9525000000003, "meshFile": "fire_escape"}, "23": {"translateX": 0.0, "translateY": 0.0, "translateZ": 9.5, "nodzPosY": 913.12325, "nodzPosX": 3388.87475, "type": 0, "children": [27]}, "24": {"scaleX": 2.0, "scaleY": 1.0, "scaleZ": 0.1, "nodzPosY": 1031.0000000000002, "nodzPosX": 3388.437375, "type": 2, "children": [28]}, "25": {"translateX": 0.0, "translateY": 0.0, "translateZ": 9.5, "nodzPosY": 1128.278375, "nodzPosX": 3416.862875, "type": 0, "children": [29]}, "26": {"nodzPosY": 1545.0, "children": [], "type": 5, "nodzPosX": 3799.0, "meshFile": "window"}, "27": {"scaleX": 1.0, "scaleY": 1.0, "scaleZ": 0.1, "nodzPosY": 908.560625, "nodzPosX": 3626.1312499999985, "type": 2, "children": [30]}, "28": {"nodzPosY": 1023.3956249999999, "children": [], "type": 5, "nodzPosX": 3633.2982500000003, "meshFile": "door"}, "29": {"scaleX": 1.0, "scaleY": 1.0, "scaleZ": 0.1, "nodzPosY": 1128.0, "nodzPosX": 3661.437375, "type": 2, "children": [31]}, "30": {"nodzPosY": 908.12325, "children": [], "type": 5, "nodzPosX": 3879.87475, "meshFile": "window"}, "31": {"nodzPosY": 1131.04175, "children": [], "type": 5, "nodzPosX": 3904.777375, "meshFile": "window"}}