{"0": {"lotZ": 10, "lotY": 10, "lotX": 10, "nodzPosY": 1447.1779669843752, "nodzPosX": 1688.8903449531258, "type": 3, "children": [1]}, "1": {"translateX": 0, "translateY": 0, "translateZ": 0, "nodzPosY": 1446.6779669843752, "nodzPosX": 1938.8903449531258, "type": 0, "children": [2]}, "2": {"segmentDirection": 0, "segmentCount": 3, "nodzPosY": 1446.6779669843752, "nodzPosX": 2188.890344953126, "type": 4, "children": [3, 4, 5]}, "3": {"proportion": 1, "type": 6, "children": [6], "idx": 0}, "4": {"proportion": 4.0, "type": 6, "children": [7], "idx": 1}, "5": {"proportion": 1, "type": 6, "children": [8], "idx": 2}, "6": {"nodzPosY": 1251.6779669843752, "children": [], "type": 5, "nodzPosX": 2438.890344953126, "meshFile": null}, "7": {"nodzPosY": 1346.6779669843752, "children": [], "type": 5, "nodzPosX": 2438.890344953126, "meshFile": null}, "8": {"nodzPosY": 1441.6779669843752, "children": [], "type": 5, "nodzPosX": 2438.890344953126, "meshFile": null}}