{"0": {"lotZ": 5.0, "lotY": 5.0, "lotX": 10.0, "nodzPosY": 1461.5, "nodzPosX": 2033.0, "type": 3, "children": [1]}, "1": {"segmentDirection": 1, "segmentCount": 2, "nodzPosY": 1461.0, "nodzPosX": 2297.0, "type": 4, "children": [2, 3]}, "2": {"proportion": 3.0, "type": 6, "children": [4], "idx": 0}, "3": {"proportion": 1, "type": 6, "children": [5], "idx": 1}, "4": {"nodzPosY": 1358.0, "children": [], "type": 5, "nodzPosX": 2549.0, "meshFile": null}, "5": {"segmentDirection": 2, "segmentCount": 3, "nodzPosY": 1552.0, "nodzPosX": 2554.0, "type": 4, "children": [6, 7, 8]}, "6": {"proportion": 7.0, "type": 6, "children": [9], "idx": 0}, "7": {"proportion": 2.0, "type": 6, "children": [10], "idx": 1}, "8": {"proportion": 7.0, "type": 6, "children": [11], "idx": 2}, "9": {"rotateX": -0.5235987755982988, "rotateY": 0.0, "rotateZ": 0.0, "nodzPosY": 1476.6000000000001, "nodzPosX": 2827.85, "type": 1, "children": [12]}, "10": {"scaleX": 1.0, "scaleY": 0.1, "scaleZ": 1.0, "nodzPosY": 1581.2500000000002, "nodzPosX": 2837.0499999999997, "type": 2, "children": [13]}, "11": {"rotateX": 0.5235987755982988, "rotateY": 0.0, "rotateZ": 0.0, "nodzPosY": 1709.75, "nodzPosX": 2828.1000000000004, "type": 1, "children": [14]}, "12": {"scaleX": 1.0, "scaleY": 0.1, "scaleZ": 1.4, "nodzPosY": 1475.4499999999998, "nodzPosX": 3063.6000000000004, "type": 2, "children": [15]}, "13": {"translateX": 0.0, "translateY": 1.3, "translateZ": 0.2, "nodzPosY": 1581.0, "nodzPosX": 3083.55, "type": 0, "children": [16]}, "14": {"scaleX": 1.0, "scaleY": 0.1, "scaleZ": 1.4, "nodzPosY": 1711.199999999999, "nodzPosX": 3060.5582499999987, "type": 2, "children": [17]}, "15": {"translateX": 0.0, "translateY": 0.0, "translateZ": 0.0, "nodzPosY": 1470.85, "nodzPosX": 3307.4, "type": 0, "children": [18]}, "16": {"count": 20, "direction": 0, "nodzPosY": 1579.9907499999997, "nodzPosX": 3344.6024999999986, "percentage": 20.0, "type": 7, "children": [19]}, "17": {"translateX": 0.0, "translateY": 1.2, "translateZ": 0.0, "nodzPosY": 1713.4999999999998, "nodzPosX": 3287.8500000000004, "type": 0, "children": [20]}, "18": {"count": 20, "direction": 0, "nodzPosY": 1471.9999999999998, "nodzPosX": 3554.65, "percentage": 20, "type": 7, "children": [21]}, "19": {"scaleX": 1.0, "scaleY": 1.0, "scaleZ": 1.0, "nodzPosY": 1584.3224999999998, "nodzPosX": 3582.0975, "type": 2, "children": [22]}, "20": {"count": 20, "direction": 0, "nodzPosY": 1715.8, "nodzPosX": 3525.8999999999996, "percentage": 20.0, "type": 7, "children": [23]}, "21": {"count": 6, "direction": 2, "nodzPosY": 1475.4499999999998, "nodzPosX": 3793.849999999999, "percentage": 20.0, "type": 7, "children": [24]}, "22": {"nodzPosY": 1576.4199999999994, "children": [], "type": 5, "nodzPosX": 3831.2824999999984, "meshFile": "roof_brick_topedge"}, "23": {"count": 6, "direction": 2, "nodzPosY": 1716.95, "nodzPosX": 3759.349999999999, "percentage": 20.0, "type": 7, "children": [25]}, "24": {"rotateX": -0.12217304763960307, "rotateY": 0.0, "rotateZ": 0.0, "nodzPosY": 1473.2649999999994, "nodzPosX": 4029.6574999999993, "type": 1, "children": [26]}, "25": {"rotateX": 0.12217304763960307, "rotateY": 0.0, "rotateZ": 0.0, "nodzPosY": 1721.8949999999995, "nodzPosX": 3996.5949999999984, "type": 1, "children": [27]}, "26": {"scaleX": 1, "scaleY": 1, "scaleZ": 1, "nodzPosY": 1473.2649999999994, "nodzPosX": 4261.0949999999975, "type": 2, "children": [28]}, "27": {"scaleX": 1, "scaleY": 1, "scaleZ": 1, "nodzPosY": 1720.5724999999993, "nodzPosX": 4239.934999999998, "type": 2, "children": [29]}, "28": {"nodzPosY": 1478.5549999999996, "children": [], "type": 5, "nodzPosX": 4507.079999999998, "meshFile": "roof_brick"}, "29": {"nodzPosY": 1723.217499999999, "children": [], "type": 5, "nodzPosX": 4491.209999999998, "meshFile": "roof_brick"}}