{"0": {"lotZ": 10.0, "lotY": 10.0, "lotX": 10.0, "nodzPosY": 1327.7139793292815, "nodzPosX": 1461.3012160938501, "type": 3, "children": [1]}, "1": {"translateX": 0, "translateY": 0, "translateZ": 0, "nodzPosY": 1327.7139793292815, "nodzPosX": 1711.3012160938501, "type": 0, "children": [2]}, "2": {"segmentDirection": 0, "segmentCount": 3, "nodzPosY": 1327.7139793292815, "nodzPosX": 1961.3012160938501, "type": 4, "children": [3, 4, 5]}, "3": {"proportion": 1, "type": 6, "children": [6], "idx": 0}, "4": {"proportion": 1, "type": 6, "children": [7], "idx": 1}, "5": {"proportion": 1, "type": 6, "children": [8], "idx": 2}, "6": {"nodzPosY": 1132.7139793292815, "type": 5, "nodzPosX": 2211.30121609385, "children": []}, "7": {"nodzPosY": 1227.7139793292815, "type": 5, "nodzPosX": 2211.30121609385, "children": []}, "8": {"nodzPosY": 1322.7139793292815, "type": 5, "nodzPosX": 2211.30121609385, "children": []}}