{"0": {"lotZ": 10.0, "lotY": 10.0, "lotX": 10.0, "nodzPosY": 1818.5024850585933, "nodzPosX": 1869.6560437867192, "type": 3, "children": [1]}, "1": {"translateX": 0.0, "translateY": 2.0, "translateZ": 0.0, "nodzPosY": 1818.5024850585933, "nodzPosX": 2119.6560437867192, "type": 0, "children": [2]}, "2": {"segmentDirection": 0, "segmentCount": 3, "nodzPosY": 1818.5024850585933, "nodzPosX": 2369.6560437867192, "type": 4, "children": [3, 4, 5]}, "3": {"proportion": 1.12, "type": 6, "children": [6], "idx": 0}, "4": {"proportion": 4.233, "type": 6, "children": [7], "idx": 1}, "5": {"proportion": 1.23, "type": 6, "children": [8], "idx": 2}, "6": {"nodzPosY": 1623.5024850585933, "type": 5, "nodzPosX": 2619.6560437867192, "children": []}, "7": {"nodzPosY": 1718.5024850585933, "type": 5, "nodzPosX": 2619.6560437867192, "children": []}, "8": {"nodzPosY": 1813.5024850585933, "type": 5, "nodzPosX": 2619.6560437867192, "children": []}}